evp_id,nb_participant,programme,lien,ev_fk
1,190,"Oscar1 oscar 2 ",http://cnn.com,1
2,156,festival film horreur puis science-fiction puis dramatique,http://reddit.com,2
3,100,docu1 docu 2,http://bbc.co.uk,5
4,27,faq,http://bbc.co.uk,7
5,40,atelier role atelier mise en situation,https://google.com,9
6,67,musique film1 film2,https://twitter.com,11
7,39,casting pause dej scenario1,https://bbc.co.uk,14
8,102,comedie dramatique comedie francaise,http://google.com,16
9,90,cinema,https://bbc.co.uk,18
10,105,lancement film,http://twitter.com,19
11,156,blockbuster projection,http://nytimes.com,21
12,111,awards diner,https://cnn.com,23
13,85,cineastre locaux,http://guardian.co.uk,25
14,151,atelier 1 atelier 2,http://ebay.com,27
15,139,film culte,http://ebay.com,29
16,40,seminaire,https://google.com,31
17,192,docu 1 docu 2,https://twitter.com,33
18,39,ecole du cine,https://bbc.co.uk,34
19,41,publicite,http://google.com,36
20,90,film muet 1 2 3,https://bbc.co.uk,37
21,80,culture pop,http://cnn.com,39
22,156,film etrange 1 2 3,http://reddit.com,41
23,100,cinema,http://bbc.co.uk,43
24,123,faq,http://bbc.co.uk,45
25,95,vr cine,https://google.com,47
26,67,seminaire marketing conference,https://twitter.com,49
27,137,realisateur 1 presentation 2,https://bbc.co.uk,51
28,63,aventure film,http://google.com,52
29,90,cinema plein air,https://bbc.co.uk,54
30,31,dedicace,http://google.com,55
31,50,pays International,http://google.com,57
32,67,jury 1 2 3,http://google.com,58
33,131,retrospective,http://google.com,60
34,155,lancement serie visionnage rencontre acteur,http://google.com,61
35,107,Investissement,http://google.com,62
36,79,atelier casting,http://google.com,63
37,71,Chor√©graphie,http://google.com,65
38,30,reunion festival,http://google.com,67
39,31,animation 1 animation 2,http://google.com,69