u_id,u_login,mot_de_passe,role_forum
1,john_doe,johns_password,utilisateur
2,jane_smith,janes_password,VIP
3,alex_miller,alexs_password,Contribueur
4,sarah_jones,sarahs_password,utilisateur
5,mike_wilson,mikes_password,VIP
6,emily_brown,emilys_password,utilisateur
7,chris_davis,chriss_password,Contribueur
8,lisa_taylor,lisas_password,utilisateur
9,david_clark,davids_password,VIP
10,amy_martinez,amys_password,Contribueur
11,kevin_anderson,kevins_password,utilisateur
12,lauren_thomas,laurens_password,VIP
13,steve_rodriguez,steves_password,Contribueur
14,amanda_garcia,amandas_password,utilisateur
15,matthew_hernandez,matthews_password,VIP
16,olivia_martinez,olivias_password,Contribueur
17,jacob_wilson,jacobs_password,utilisateur
18,emily_taylor,emilys_password,VIP
19,ella_johnson,ellas_password,Contribueur
20,noah_anderson,noahs_password,utilisateur
21,ava_smith,avas_password,VIP
22,liam_brown,liams_password,Contribueur
23,sophia_clark,sophias_password,utilisateur
24,william_thomas,williams_password,VIP
25,oliver_garcia,olivers_password,Contribueur
26,emma_davis,emmas_password,utilisateur
27,james_jones,jamess_password,VIP
28,charlotte_miller,charlottes_password,Contribueur
29,benjamin_martinez,benjamins_password,utilisateur
30,amelia_hernandez,amelias_password,VIP
31,lucas_rodriguez,lucass_password,Contribueur
32,aria_garcia,arias_password,utilisateur
33,mason_anderson,masons_password,VIP
34,harper_brown,harpers_password,Contribueur
35,ethan_clark,ethans_password,utilisateur
36,addison_taylor,addisons_password,VIP
37,ava_thomas,avas_password,Contribueur
38,logan_smith,logans_password,utilisateur
39,zoey_wilson,zoeys_password,VIP
40,jackson_jones,jacksons_password,Contribueur
41,mia_miller,mias_password,utilisateur
42,aiden_anderson,aidens_password,VIP
43,nora_garcia,noras_password,admin
44,carter_hernandez,carters_password,utilisateur
45,sophie_rodriguez,sophies_password,VIP
46,hudson_taylor,hudsons_password,Contribueur
47,scarlett_johnson,scarletts_password,utilisateur
48,levi_martinez,levis_password,VIP
49,grace_brown,graces_password,admin
50,wyatt_clark,wyatts_password,utilisateur
